case_id,case_hash
UC-0734,224f2erma7
UC-0303,22h7fsercm
UC-0679,23j9b2p7z3
UC-0209,242nzwqa3r
UC-0579,243z2s9r38
UC-0992,24wr4ezu8g
UC-0156,24z3528eyq
UC-0412,25uj3wzpk7
UC-0885,2644ym267y
UC-0761,26gmgcnhnz
UC-0317,26mab7amfp
UC-0424,26rhxct3x2
UC-0143,27f4cedr4w
UC-0148,2882dxwhjz
UC-0164,29jg8yhng3
UC-0283,29sauvemyf
UC-0135,2ak6nau7bb
UC-0327,2artc3wpgm
UC-0731,2b2zta4x7k
UC-0441,2bmr5gysbj
UC-0514,2csqeq9qs5
UC-0828,2e7ggswejs
UC-0628,2eph48k9cn
UC-0348,2fwet6yn2a
UC-0121,2fz8yqgjuu
UC-0393,2kftusjrs9
UC-0153,2ksasrex4g
UC-0364,2maf85ax8g
UC-0887,2mujdd7c8f
UC-0059,2nvxqr9e5f
UC-0849,2rvrfak8hv
UC-0170,2rxwyyj86m
UC-0842,2syw9n8gz3
UC-0711,2t64qwvmqd
UC-0456,2tsn6nta43
UC-0031,2uheb9u9cy
UC-0863,2v9quumhh9
UC-0226,2vbvu4y9zr
UC-0787,2wey6aqm5d
UC-0382,2wr87qjwgc
UC-0965,2xzvmfz3v3
UC-0634,2y5phsmb8p
UC-0070,2z79su4ez4
UC-0750,2zemdv2wxu
UC-0573,354vjp3wap
UC-0210,35skgbzx8h
UC-0220,39bxee3pw6
UC-0468,39c79zu8tc
UC-0589,39xe865b3f
UC-0213,39xrhbbuqf
UC-0973,3a8w77knz8
UC-0467,3bpekxvdhs
UC-0688,3c9eaunf7k
UC-0281,3edsw8snph
UC-0264,3f9ysavz9g
UC-0547,3ff282stca
UC-0599,3fk5hdfjnf
UC-0535,3gbbj836e7
UC-0793,3hujepksry
UC-0003,3jgx69gbpj
UC-0716,3nqqzevbpa
UC-0553,3nwfpxbe7k
UC-0855,3r4hh5uk28
UC-0375,3rn9h54xj2
UC-0389,3tyddndanh
UC-0046,3uf6kmu9fb
UC-0337,3uz7f3jbjz
UC-1012,3vmhjjqdh4
UC-0775,3xmjexdj9s
UC-0431,3xvwmbbwtb
UC-0669,3yjsm4xdj5
UC-0630,3yyutzg8u9
UC-0308,3z294y3h4x
UC-0440,44cubc5cf6
UC-0521,467p6wn4jf
UC-0738,46tp2nar9w
UC-0071,47f6a8cjs2
UC-0027,47nhg4bkgy
UC-0523,47wtzfvg7y
UC-0410,487zztcgdf
UC-0238,488r3vqbqt
UC-0300,49cuhxszdx
UC-0075,4cmfztmype
UC-0361,4e6rdd2cta
UC-0390,4evmgf7y2e
UC-0860,4htf3mpr7w
UC-0168,4hyccqb7mh
UC-0101,4k8e4gbvcn
UC-0048,4ksvrynmrw
UC-0243,4pmewpbfex
UC-0609,4pzt2psg4u
UC-0219,4rf5da5kvk
UC-0796,4sewnf7nvf
UC-0675,4snvw36835
UC-0301,4sv2zwetfs
UC-0380,4u4vttxhpf
UC-0988,4uawj3jrb6
UC-0705,4vt4fucyfj
UC-0942,4wus3rq68h
UC-0933,55eya5wfpg
UC-0050,55v2uz2bdj
UC-0825,5638583mpr
UC-0727,564p5wraqp
UC-0709,57p3zfpswb
UC-0924,58kkydykj6
UC-0856,58qwedudxv
UC-0619,596um2ntmu
UC-0242,5998gyqcuf
UC-0267,5atxmq2nym
UC-0690,5bcx9h5m5q
UC-0012,5bp7nt9gkr
UC-0976,5dk3ar2qsg
UC-0736,5dyqykvrpa
UC-0104,5edhzzz9hv
UC-0956,5f7jhafknn
UC-0396,5f7nbcharh
UC-0180,5hgwbdm8vk
UC-0202,5jdxrqtk2v
UC-0955,5jfkbggcdw
UC-0785,5kjg6pjqay
UC-0537,5mugrybg22
UC-0054,5nxg2w466k
UC-0587,5pf2hbwzs3
UC-0262,5pyhzpf9jt
UC-0171,5qjqtw28v9
UC-0221,5qqv85mrm5
UC-0704,5qt4bnwfzm
UC-0217,5rncsyy47j
UC-0095,5t35z3g6gx
UC-0994,5taupb3jyk
UC-0476,5theqtnysg
UC-0379,5ub63jbyvf
UC-0053,5uhbrggxus
UC-0541,5uw7z8wzhy
UC-0798,5v5bnnda3p
UC-0943,5vgvt55cup
UC-0124,5vhu85w4xv
UC-0633,5weacc5u4a
UC-0272,5xk3sde7f9
UC-0916,5y3xe5p246
UC-0739,5y7s3a6mku
UC-0975,5ydcchf9gh
UC-0194,5zgk5t92kf
UC-0730,64hav7ua6d
UC-0326,64nzr2qfxb
UC-0604,693td85tq7
UC-0208,6b2wqsmyae
UC-0368,6bfyjfsdhg
UC-0594,6cn6vb8mn2
UC-0539,6cngm68dda
UC-0304,6cy3eb22qk
UC-0902,6e9yt8s9ur
UC-0670,6fn8qdhz6y
UC-1018,6hj5nzwhu7
UC-0508,6jau6tmjmh
UC-0402,6qbaj6c57b
UC-1020,6qhgzfh67n
UC-0353,6rkzeb4ksn
UC-0575,6rmrbyewpr
UC-0773,6rnumxsdff
UC-0427,6tk5gz4qba
UC-0830,6ttxdwr85m
UC-0616,6u8hsy2pwg
UC-0713,6uqtg468v5
UC-0742,6vcqpjarr9
UC-1014,6xvhfqxdam
UC-0021,6y7s6h9n53
UC-0681,727zdzmvne
UC-0342,72fs478r9m
UC-0962,72w5egu3xg
UC-0695,73e3fbs9gt
UC-0987,74euygktcd
UC-0350,75jt94n7wk
UC-0189,77wzy89fxe
UC-0635,783umz4u9n
UC-0430,78zwuqhncq
UC-0781,7asbnzyjub
UC-0966,7awe78gj78
UC-0871,7b42sv6k5x
UC-0872,7cda2p8k6v
UC-0445,7cyv8gnnsf
UC-0018,7eb2xytt62
UC-0766,7f2gugeyp7
UC-0821,7f73a6hgz2
UC-0813,7fbphud7fk
UC-0768,7hp7f35erd
UC-1019,7hvap7pj85
UC-0494,7jbq55rbvb
UC-0784,7judyqhb7r
UC-0648,7juyybmes8
UC-0415,7kewkerq7p
UC-0807,7m9tkus55s
UC-0193,7mwff7hsvq
UC-0367,7pgvkg9v7z
UC-0657,7q259bcwba
UC-0959,7qjzgb3h8z
UC-0129,7r9s79h9wp
UC-0470,7uhqkhb36r
UC-0686,7uu43vm8ae
UC-0912,7v72shdwge
UC-0551,7vq77y74ap
UC-0211,7vud4k8am7
UC-0817,7wmwhasmty
UC-0481,7xjtnruvf5
UC-0147,7y56a9qhqb
UC-0967,7yyuc6bp5q
UC-0832,7zu5kjb2np
UC-0005,7zv8sk5k78
UC-0896,82ensjp4kg
UC-0540,8377psrvq8
UC-0331,83tttscbzw
UC-0606,848d8r5gm4
UC-0181,84zb29fhcp
UC-0320,86jrcspm35
UC-0033,873545qun5
UC-0063,8amg28rkf8
UC-0590,8av2nd82sg
UC-0384,8bn4tndvfk
UC-0567,8dzuypg3vs
UC-0399,8gpx2nb2ev
UC-0229,8k6umc5nfp
UC-0504,8k7gpggcbb
UC-0569,8khzcn5jmb
UC-0725,8kn25a5yeq
UC-0786,8kn8dp4749
UC-0969,8kn9bedp85
UC-0398,8nfjyfjzqz
UC-0253,8p8fga4zzq
UC-0373,8pnda5hn4x
UC-0123,8qjy7ywbcy
UC-0332,8rjzanqjkn
UC-0692,8ryv6tgbxd
UC-1015,8tas86pz9v
UC-0137,8tjzt7fn48
UC-0381,8vf835fwvb
UC-0260,8wcbcz885e
UC-0263,8x776659dk
UC-0726,8y6xegbj2f
UC-0420,8y88tbyr4z
UC-0906,8yeg876m8p
UC-0525,97dnzdhfzm
UC-0754,97um6rbj5p
UC-0910,986eusvtxn
UC-0914,999592wbw4
UC-0810,99h2ccnch4
UC-0722,9a32p4kznu
UC-0187,9adhpk3m98
UC-0505,9b2vwa9jgz
UC-0572,9b67ja45e2
UC-0442,9bb9xahayy
UC-0369,9c26c8wszh
UC-0341,9e2gb5ax2e
UC-0234,9e2gnxcv2t
UC-0665,9eds4stjnr
UC-0952,9hw8kj9nm8
UC-0374,9m9xndtzwa
UC-0729,9mx2rs7gmp
UC-0458,9n3t5tczz9
UC-0344,9n46qawu2z
UC-0980,9nntxjhurs
UC-0098,9nzfk2aubz
UC-0192,9p7dz3ufhp
UC-0149,9ptr5tehkb
UC-0998,9r2fb9462k
UC-0588,9rhwmqh39x
UC-0201,9rn29ve2fb
UC-0108,9rqa4ubupr
UC-0391,9sv8dn9brn
UC-0146,9t2sr9dayw
UC-0212,9t64uezcx7
UC-0465,9tmyuev49x
UC-0895,9v9nvv8ejm
UC-0513,9xu69ntb77
UC-0869,9zezgfyhhk
UC-0443,9zpb3fxkej
UC-0612,a299zsp8pz
UC-0797,a2jd9nwfw7
UC-0765,a3bnua4en5
UC-0498,a3m6e7xn8n
UC-0029,a4ke2wdchx
UC-0176,a5v6frw9mz
UC-0144,a6ggzy7stc
UC-0981,a75wp7apyz
UC-0892,aaujbeugju
UC-0890,abquwzjer7
UC-0678,ae3etcs66v
UC-0376,aeez9pauhu
UC-0721,aeywuq6zmp
UC-1023,agb83ndbs9
UC-0035,agfncydgn4
UC-0805,ak5h5v56xx
UC-0413,akth7exp4j
UC-0608,am6bxa5p26
UC-0268,anpae9wpe2
UC-0676,aq4xhas58z
UC-0963,aqg9g44saf
UC-0697,atgcwy3whq
UC-0803,atvpyeb37g
UC-0746,av3f5362h7
UC-0460,av8y8k9srf
UC-0434,avvt6ugba7
UC-0522,aw7csbwxpb
UC-0618,aw99qjsre8
UC-0006,awbun7ncup
UC-0022,awgesa83nn
UC-0664,ayk2w7uvh8
UC-0601,az6wt5a5v3
UC-0474,b3r9uk2ajd
UC-0694,b42vnybg2u
UC-0984,b4c34ehc2n
UC-0017,b54g553ek6
UC-1024,b5zh4vm92x
UC-0102,b7z53ct7xw
UC-0086,b86cv7xzut
UC-0463,b8asw9ayp2
UC-0607,b97ws3bcgp
UC-0383,b99kn5k8cj
UC-0060,b9ds6et52b
UC-0652,b9mn747agg
UC-0057,bahv5rtjut
UC-0857,basmdp8haj
UC-0666,bbhvhahkwp
UC-0867,bcafqmxjmm
UC-0740,bdyr38vvky
UC-0881,bgcqzevkq7
UC-0106,bj37znj3wq
UC-0651,bjfes8tq7c
UC-0640,bntsa3prwm
UC-0660,bqau23zfav
UC-0737,br9d8g8z9h
UC-0386,brq25c57gd
UC-0298,btpckq8d56
UC-0246,buna73ghk5
UC-0114,bvttsp46zc
UC-0528,bw6pxf8bbc
UC-0578,bwcwxnq66v
UC-0257,bxccdht8rd
UC-0516,by3jgvyxe4
UC-0558,c2x3h29w4g
UC-0804,c3zs8bn9x7
UC-0134,c3zwd2pz7d
UC-0333,c4ppkd5z97
UC-0422,c58s3vj695
UC-0011,c6mvrteqe7
UC-0610,c6nfu2zqvx
UC-0591,c6t5uhfejc
UC-0019,c7c6xdnuva
UC-0297,c8byf7mk8p
UC-0623,c9eutfmfzz
UC-0492,c9kxtnjxtj
UC-0160,ca6g4u3gr3
UC-0584,cbmczwqcy8
UC-0626,cdt82mnnan
UC-0113,cf9cc2c7wd
UC-0818,cfsz94pbbp
UC-0741,ckaxgej8m2
UC-0868,cks3sjjz65
UC-0394,cp389vekww
UC-0282,cp5b4x77ck
UC-0335,cp5cjvwwyu
UC-0425,cpw4texz89
UC-0105,cttrds9wqe
UC-0880,ctw6vkxkfg
UC-0311,cucpfsksar
UC-0932,cuhbkh8fzm
UC-0693,cvnpvvxwyd
UC-0004,cvvkxr7tsq
UC-0970,cwafjk8z2z
UC-1003,cww76mv3h8
UC-0614,cxb5u7dp6q
UC-0700,cxek24dsyt
UC-0061,czg5p8xgqj
UC-0273,d2wjaugcxa
UC-0302,d4gms3b2cf
UC-0576,d66bt3hqmc
UC-0357,d8449u2saw
UC-0489,d8htyhz6aj
UC-0466,d8m7s9xtwq
UC-0188,dawu2bydy3
UC-0639,dazq95fpvc
UC-0603,dc9vw7gwc6
UC-0446,dcdzdbcx62
UC-0291,dcv85528tj
UC-0115,ddkgzvfafn
UC-0646,de57xr6n5s
UC-0065,deewjvk56m
UC-0751,df82cqvtkn
UC-0487,dftu8ufmbm
UC-0096,dh8w4zfjv7
UC-0026,dhryefksrw
UC-0290,dkk3jh9xp7
UC-0024,dmaf8vd7b7
UC-0964,dndjeprvks
UC-0512,dnvyxs49tt
UC-0840,dp2e8tdpd8
UC-0165,dp9cjnhngn
UC-0186,drzkg3pcux
UC-0271,ds8e3pm3ea
UC-0215,dt6gmmp7fk
UC-1006,dt8kk3bx8v
UC-0085,dupqqz5gja
UC-0111,dv82vu8g23
UC-0663,dve8mw5n4n
UC-0109,dvunqzgzwp
UC-0865,dxn3x2me4r
UC-0574,dyawejqgdh
UC-0312,dyvrer5e28
UC-0899,dz9ubwa8qt
UC-0295,e2mpcubugm
UC-0461,e368k27mvw
UC-0122,e4dpb752ad
UC-0464,e589eud33u
UC-0175,e5nunp2tt4
UC-0888,e5vq854qup
UC-0917,e653tzngw3
UC-0154,e6gjk48hs6
UC-0066,e6p5d2vp5v
UC-0999,eaeueps88c
UC-0423,edtgk9db3v
UC-0110,ehqrdcwdwp
UC-0762,ehs5qfpgsq
UC-0801,ehycp9tfn6
UC-0904,ej2yfj2fsz
UC-0222,ek3e9ggpy8
UC-0824,ekwn6ujmtj
UC-0490,ervptkn84b
UC-0016,ervzc7tkfv
UC-0078,es5e7umvam
UC-0889,esfedssz5j
UC-0928,eu4v557ycj
UC-0915,eummhst3p2
UC-0995,eveqc5cwb9
UC-0593,evna6cuysk
UC-0931,ew8k5ny8a5
UC-0827,ew9qq6y7zq
UC-0244,ewhw7abzqx
UC-0247,ewq3yqx5gc
UC-0909,exedgxj6z5
UC-0808,exjz29b4u7
UC-0691,f2jgqw9eay
UC-0286,f4vvvrar5d
UC-0923,f54ctq5ujg
UC-0789,f565wcfd7p
UC-0564,f7wg9kps6n
UC-0548,f889y4ebe2
UC-0062,f8ab3tw9a9
UC-0647,fakkxbxuu9
UC-0447,fcc6y5hstz
UC-0841,fdwhhrtaxm
UC-0151,ff997sjvca
UC-1013,fj3yndr5w3
UC-0756,fj9mk29jn4
UC-0764,fjfz7qxw7k
UC-0472,fjqy6g4xxs
UC-0559,fk38hqz23n
UC-0562,fkfjqjgn5h
UC-1005,fma9jmq74m
UC-0953,fmpcakn7th
UC-0074,fmqqnzvs82
UC-0378,fnb7kcfrh2
UC-0875,fpt8pg8cd3
UC-0937,fpygpgfgwn
UC-0395,frbhdre957
UC-0099,frpqvz5d68
UC-0820,fs5x8ksvnh
UC-0216,fsbkdazd6m
UC-0941,fvq3xdfc89
UC-0385,fwnrgj9x72
UC-0408,fwymmju5ma
UC-0510,g3x4r9rkef
UC-1001,g5uxmbhg6j
UC-0306,g5xshw4axb
UC-0084,g63ukjthny
UC-0850,g6gy525ugx
UC-0947,g6kqma98j3
UC-0918,g726wbj2e9
UC-0903,g72avrgucc
UC-0598,g76sqejk8a
UC-0519,g7jxc2p2ph
UC-0163,g89aangcp6
UC-0848,g95ckbfv26
UC-0014,ga595wmytt
UC-0349,gcfpampy5y
UC-0089,gd5tfjhyv2
UC-0485,gdd7uufsrf
UC-0469,gecv44c7n7
UC-0780,gg8ujtdaz4
UC-0279,ggrc3mkqbs
UC-0009,ghcwm73pvd
UC-0090,ghmycsf524
UC-0200,gkdrdd87xp
UC-0118,gksvb3me49
UC-0632,gnrybehwur
UC-0993,gp3akvrp6d
UC-0661,gqm4hjbhp9
UC-0723,gtz2sxmjcm
UC-0036,gu7989xcxa
UC-0811,guy6u2hh7m
UC-0718,gv3vnkv4z7
UC-0258,gwrefjddhv
UC-0637,gxkqhxausa
UC-0838,gykfuffanv
UC-0310,gz7uh2x7xh
UC-0893,gzpr3gehg4
UC-0563,gzxqf8swa8
UC-0491,h3dze9bbc6
UC-0088,h6pfrga595
UC-0093,h7xkzfpcbx
UC-0581,h8xwsa2q22
UC-0760,h9z7c37f5g
UC-0907,ha6aj4r3ks
UC-0708,hagtr4ybtk
UC-0714,hctdt9qe37
UC-0829,hdbuf95wcg
UC-0772,hfj79nmsq8
UC-0020,hgc9ehzf2h
UC-0150,hgxjc2tn3j
UC-0864,hh53j3naq7
UC-0538,hhbbrqnzkz
UC-0002,hjj4hs4s4e
UC-0321,hjygzzwpnq
UC-0836,hkgcppxthh
UC-0359,hkpksg75ds
UC-0748,hpf786v5ws
UC-0437,hpzx94vzd8
UC-0948,hqh8xct2c9
UC-0370,hr5h7u49vd
UC-0851,hscbwqs3ua
UC-0767,hsn4j6n5y3
UC-0650,htg8cakgnu
UC-0643,htppznp4v3
UC-0936,hzavf2pauw
UC-0815,j2yh8z8vef
UC-0843,j4nav9m9v4
UC-0131,j4pa5m9rdm
UC-0343,j7c8mk8x6n
UC-0351,j7gnzksahk
UC-0334,j8x68jz24s
UC-0570,j9nx2jbq5q
UC-0313,ja8gpnx7gv
UC-0791,jb3hwz7pkv
UC-0882,jbjwu77gap
UC-0336,jc4d3vuc8s
UC-0835,jcengw2n2p
UC-1008,jd836ycpef
UC-0034,jg35m5upba
UC-0921,jgmf8vkpky
UC-0615,jgpukkt8v9
UC-0602,jhmrt7bqk5
UC-0270,jjbhwkvtwd
UC-0779,jjxpueba3v
UC-0566,jk7mp6hswj
UC-0120,jkcbh7r7kd
UC-0346,jn6d5rfka9
UC-0448,jq4t25tdbc
UC-0421,jqfwx2cg2d
UC-0155,jrtsxb3gdt
UC-0759,jts2bhg7k7
UC-0387,jw8ecedw4z
UC-0451,jxe3cy9wvp
UC-0254,jyvgnttxgm
UC-0043,jztp97grgk
UC-0758,k3jpc2x9qz
UC-0419,k3y5pvgw7k
UC-0454,k56cbdtuvw
UC-0996,k8hdy2xq45
UC-0839,k9dm2zpz4h
UC-0177,kaezjfmud9
UC-0631,kah3b292rd
UC-0032,kakzja3xh7
UC-0968,kbbtx35sja
UC-0667,kbfutrz374
UC-0833,kdsvksdnt4
UC-0457,kfk22wxthq
UC-0944,kfm4tbfxu6
UC-0404,kfr4e6v4ax
UC-0103,kgnmmbmjrx
UC-0340,khrfkkyh8j
UC-0449,kj7dqxd4dp
UC-0077,kjh48e7txq
UC-0190,kjtt85tq79
UC-0406,kmu6jy77gk
UC-0496,knss2ff7qe
UC-1021,kph6k66hs4
UC-0883,kq57r67u3r
UC-0529,kqgqy35asy
UC-0052,kqpns67vfy
UC-0285,kqs9n3gxum
UC-0365,ksd9ttj7pm
UC-0232,ktzuhu3rm4
UC-0771,kvtndadcz6
UC-0782,kwbdw4cpm7
UC-0595,kx476a6g34
UC-0409,ky6gtttrsg
UC-0307,m2fgmj69gt
UC-0028,m2nqwdpe5x
UC-0961,m3eamqj8n5
UC-0629,m3x22j5mr4
UC-0345,m4ncmpjcsg
UC-0224,m5upuus278
UC-0897,m5y64v4w82
UC-0324,m6vvw5yg88
UC-0452,m8nhrqqnca
UC-0777,m9vbesrszf
UC-0977,mcxdtqzuz2
UC-0753,mdjge7pnrj
UC-0913,merdzyf6r7
UC-0316,met6yu3zup
UC-0356,mh9spbd3sk
UC-0280,mku75kswwg
UC-0145,mp5zmqxky6
UC-0696,mpps6fccf2
UC-0237,mpsd7zd6jr
UC-0428,mptpgx2uuk
UC-0717,mpyvy7vz55
UC-0195,mrbuj3xrwx
UC-0950,mrjfs7nuqs
UC-0091,mrjpqjsmeq
UC-0532,mvvsrq45v3
UC-0571,mw4v26xa39
UC-0008,mynym4rjn9
UC-0671,myuphddvrm
UC-0685,mz35gagtps
UC-0158,n22typv4ky
UC-0819,n2a8rma9c2
UC-0438,n2r9n5cq8k
UC-0854,n2xn3ww7zg
UC-0687,n3bgzezkg4
UC-0926,n43ss5yrnr
UC-0288,n4j428a9ja
UC-0940,n8hkj9kjff
UC-0126,n8j3gyun6u
UC-0347,n96sf6nsjc
UC-0945,naqma2m7jp
UC-0745,nbjjfjjmv9
UC-0580,nbk7r3s5de
UC-0649,nbr9quvwck
UC-0898,nc7hqwwcda
UC-0549,nd5zw4nge4
UC-0479,ne6wt7gxdx
UC-0128,nfxvymufgc
UC-0318,nfzgrrg7nr
UC-0305,nhcgc59ppm
UC-0845,nhn2vs2bb5
UC-0792,nhrb35bmdt
UC-0256,njhhn7mrcq
UC-0938,nkyc7tupww
UC-0499,npx6cmryh9
UC-0951,ntdx3tt3u3
UC-0094,nu8bfmf9vt
UC-0802,nugdj35v6j
UC-0986,nuuzps3846
UC-0432,nvkfkgpwek
UC-0568,nwhsmwyh7n
UC-0455,nxpkk4rth9
UC-0206,nye7pjhqn7
UC-0400,nyehjgrj8t
UC-0199,nzxk5vzmye
UC-0990,p3wwg933ra
UC-0555,p4d2e2kquz
UC-0081,p6bh8x8474
UC-0275,p8nrruevy4
UC-0429,pampzj3bpb
UC-0852,pazmsv43yh
UC-0732,pbwq37udx2
UC-0453,pbzat5b5e6
UC-0069,pdq6w5kwqs
UC-0583,pe57dn5ce6
UC-0684,pfcxbzbrnz
UC-0790,pfh8v964um
UC-0600,pfy34j855t
UC-0296,pg272ry92e
UC-0720,pgcy74demk
UC-0886,phb6tpryxu
UC-0248,pkf5ung8b4
UC-0822,pkkkw59cu6
UC-0552,pmycrt3q4h
UC-0546,pn536mu7fu
UC-0207,pnqxb62wx5
UC-0979,ppt499j4kw
UC-0414,pq5gvtezeh
UC-0418,prfubvww74
UC-0362,pu8beujc83
UC-0582,pvn2fbtnx2
UC-0788,pvq5j7qmfm
UC-0230,pxxzsxsshn
UC-0674,pytt6jcswm
UC-0167,pz4zn3ye6t
UC-0482,pzjp49wee6
UC-0218,q2gt4d3wh7
UC-0662,q2vggvguky
UC-0092,q5dp74q2w6
UC-0783,q6bbfbkbc6
UC-0239,q822w8nwaj
UC-0776,q8ewaz3p9c
UC-0076,q8hcxw4g5z
UC-0178,q8p9pg9mz2
UC-0132,qapke9ta5m
UC-0162,qb7kwxcc8q
UC-0214,qcaechrwrp
UC-0502,qd3thgze4c
UC-0879,qdqktgh7ve
UC-0901,qejnj854vd
UC-0179,qfssg7xdtp
UC-0814,qgc4dj396s
UC-0196,qjmw6y7pp7
UC-0706,qjpbbj2u6e
UC-0884,qjvf8xbur6
UC-0352,qk64xhc2xr
UC-0233,qmhyem39yr
UC-0205,qnzcab98d9
UC-0265,qp49k989ph
UC-0922,qqg2yubuz4
UC-0823,qsttqd5fca
UC-0459,qw9833srws
UC-0039,qwff64qtpy
UC-0847,qx5fppkvbr
UC-0509,qychc3nzbm
UC-0473,r58xt2tt3x
UC-0625,r5c2fu8agq
UC-0935,r5xf66a37h
UC-0185,r7fpydyt2s
UC-0411,r8gd6ptkw2
UC-0929,r9a85x6p5f
UC-0360,razacgyyz6
UC-0983,rbr8sqjvaz
UC-0503,rcdj354hn5
UC-0477,rcsfuqp82n
UC-0809,rd2prj44gj
UC-0236,rd5p8jvxxf
UC-0831,rdxtqme2w6
UC-0891,rehwj4agsn
UC-0388,rh3gj6fxqn
UC-0484,rhaz8e8u7y
UC-0161,rj7vnpr5u2
UC-0565,rkdguppkwk
UC-0462,rkswt4hr4z
UC-0037,rnnb8sed8f
UC-0611,rpasw9d89z
UC-0954,rqtyeca3jj
UC-0100,rqvgu7f2w3
UC-0251,rrb6r9ty2r
UC-0117,rscyqy3bwk
UC-0045,rsv43x8ww9
UC-0636,rt45h5cq5s
UC-0067,rwtusmat83
UC-0064,rwypmj745s
UC-1000,ry9bh77ktv
UC-0680,s27zk6nr67
UC-0405,s2byyzar24
UC-0873,s3mkduwezz
UC-0826,s43yfe7u6w
UC-0044,s4m88type5
UC-0223,s787npgcpy
UC-0908,s9fe2d8kd4
UC-0991,saa5u47jpa
UC-0015,scj6nq8erj
UC-0544,scpww3u6d6
UC-0495,se7xqc8gru
UC-0255,sf2ed2qqzp
UC-0259,sf4436dqt4
UC-0435,sffpfywfnh
UC-0292,sg9bg3662d
UC-0080,sgjv829qh3
UC-0293,sgwt5gmqnv
UC-0047,sh49cnn9gu
UC-0471,sj9mh8h8ft
UC-0184,skavt3b3qu
UC-0596,skg55pj4bd
UC-0030,sm927wrybv
UC-0227,sng4uwyjf6
UC-0041,sp8tk747dh
UC-0325,spbektgvs5
UC-0800,spg2ehf4g8
UC-0363,spncdg4wru
UC-0536,stbr3m878z
UC-0622,su94znxmeh
UC-0338,sufgsmea88
UC-0597,svjke4ruyu
UC-0853,svxbt2wg3u
UC-0752,sx5z8ceef8
UC-0058,szyvrwr3d3
UC-0322,t2g98r33qs
UC-0083,t4j9qbjh6y
UC-0051,t6d4vjtd9g
UC-0055,t6gvpes625
UC-0501,t7knmfuprd
UC-0524,t8dbhcdtvf
UC-0173,t9e9rnrdwq
UC-0289,t9jttz95z3
UC-0877,tapffnpbtf
UC-0023,tckdxcau7q
UC-0960,tdyhwdanyn
UC-0082,te7smwj9b3
UC-0183,tek39c2prd
UC-0133,tfd3jxq2uk
UC-0605,tfmj49g3ch
UC-0139,tggkdkr2kb
UC-0919,tgzcw9u23s
UC-0182,tj24u5e6q3
UC-0329,tjeycbj6nt
UC-0013,tkgf458vwc
UC-0556,tmugsps6zj
UC-0125,tnr59qt5wb
UC-0354,tq5rx7haqh
UC-0277,tq9t9vqbcx
UC-0488,tr64uf2m65
UC-0507,tru7rqhkcu
UC-0518,ts5y9bphrs
UC-0309,ts9w4aa2ec
UC-0557,tvp7fxzgtw
UC-0204,tvvmsawvah
UC-0971,twsstqn4yw
UC-0511,ty922waq7f
UC-0480,tyfn927zky
UC-0269,tygbcjxydj
UC-0846,tyykevwdbr
UC-0372,tz8y2n3xuw
UC-0876,tzjj6s9hj7
UC-1022,tzjmvuxdfd
UC-0905,u3sev8tx6q
UC-0911,u5cy2cvh9p
UC-0644,u5nhtn79rr
UC-1025,u75p23wf8e
UC-0724,u7vqcuy92b
UC-0231,u8bgbdpadq
UC-0294,u8vhddpbc8
UC-1007,u9vvmuhk2d
UC-0112,uae5jqfgzw
UC-1010,uaqcvy55qk
UC-0997,ub5sjpg8ds
UC-0235,ubamtqgeht
UC-0703,ubdnkz4jrd
UC-0287,uch8rdgc2w
UC-0656,ucyqtgjpw6
UC-0072,ue3jfhk4cd
UC-0127,ufkgpr56mk
UC-0624,ugk6wtbqtc
UC-0672,uhzgyz7q9u
UC-0241,ujse5uvjtd
UC-1002,umf8er2ht2
UC-0715,umr69zxhck
UC-0654,umyr3ak4gj
UC-0225,unjmb5ygct
UC-0702,uq4jyt3y7h
UC-0858,urdu37z98v
UC-0366,ursccfvryf
UC-0228,usezstpwrd
UC-0795,usjd3appst
UC-0531,uspnsxwmfw
UC-0554,utxfenamqw
UC-0870,uuswz32zus
UC-0545,uuxckw3872
UC-0747,uyra84jcxx
UC-0763,uzahb2e6yc
UC-0577,uzkyptmbp7
UC-0483,v2aggh46bd
UC-0673,v2ypjmdbxz
UC-0138,v34z24u5dr
UC-0774,v4bfs6dxp3
UC-0974,v6eaj3fbt5
UC-0397,v73cz24nuy
UC-0982,v7vz9bj7nm
UC-0699,v87cyr39xy
UC-0097,v932wketpk
UC-0087,v9ce4nbyrg
UC-0500,v9cyfvhjf7
UC-0861,va6ps5487t
UC-0920,va7ehuwhs2
UC-0770,vasu4zx86c
UC-0862,vb9m5r3qt9
UC-0900,vbdnwtkfu9
UC-1009,vbvfxf3b8s
UC-0079,ve7c68ab8s
UC-0107,vevyd4mtpd
UC-0116,veyq39qdxs
UC-0585,vfc2kqeeg7
UC-0169,vfsm6knd9n
UC-0530,vgcefygmdu
UC-0426,vjh8sm7zau
UC-0560,vk8r5ev7bt
UC-0812,vkuxxmdh3p
UC-0436,vmz5vdqnmc
UC-0001,vn7kgcdzh8
UC-0250,vnc34329je
UC-0561,vnspfb8tmq
UC-0778,vp8w3e6gp6
UC-0038,vqczjwrjqc
UC-0417,vss6b34pve
UC-1016,vssg9s3kq9
UC-0007,vu5aa43k7q
UC-0794,vu5qj6qb5p
UC-0677,vvbzdxvbz8
UC-0638,vxptk2ch6a
UC-0978,vy3xvd65p7
UC-0245,w44g6habqg
UC-0816,w4rkxb2j4s
UC-0203,w4tafycqhg
UC-0475,w4thychrjq
UC-0542,w54h88j4vp
UC-1017,w5ntq7t6xh
UC-0712,w77n9duqhp
UC-0949,w7jqjux76h
UC-0985,w7nyjcujay
UC-0403,w7zahjrwxd
UC-0056,w9nqunync2
UC-0925,w9s9mbn4xt
UC-0927,w9xasvbvg9
UC-0073,wb5kw4qmn5
UC-0894,wbzn984jme
UC-0328,wck4n3bcd8
UC-1004,wdbavxz95k
UC-0710,wet248vhup
UC-0261,wewar7p9x8
UC-0586,wf9dv3rf4w
UC-0592,wg58skm2um
UC-0698,wgrhzat8np
UC-0439,wgwcrbk5ps
UC-0744,wmy7bxmzsq
UC-0515,wnujqxp5az
UC-0119,wpr79qmnmf
UC-0450,wpz4k846du
UC-0735,wr28997xhh
UC-0533,ws29castds
UC-0946,wszrxg695f
UC-0140,wtemfx2e3t
UC-0930,wtr7zznkar
UC-0319,wvgccaujft
UC-0172,wwp8dxecxn
UC-0719,x36au4u9m7
UC-0701,x3y9jkdz2y
UC-0339,x54enuetrk
UC-0617,x6dbnyx5jq
UC-0025,x6mdsw32x4
UC-0010,x7dewwguw2
UC-0358,x8v4z7x57a
UC-0707,x9vtzqbdxf
UC-0371,xbxw3dbdvm
UC-0534,xd67mafkvy
UC-0645,xdcpm9xa7p
UC-0068,xdhg4259tz
UC-0355,xeyckcnvw4
UC-0834,xf6qc4wbma
UC-0837,xh4dpanzpg
UC-0543,xjwgx3wk7e
UC-0284,xkp26jy3ff
UC-0517,xmtazrdwf8
UC-0874,xn6svn9z8m
UC-0042,xq9zwa69ye
UC-0444,xr6zjyvaer
UC-0392,xrxrwkejfv
UC-0613,xs65fr848b
UC-0806,xs6wymv2wr
UC-0939,xssda9tbsh
UC-0957,xtq3tu896u
UC-0641,xvarpztkp9
UC-0733,xvqnujnrte
UC-0377,xwmmb6smq8
UC-0683,xy6jthafcj
UC-0159,xywvpdmy72
UC-0659,xztwz4r4wy
UC-0520,y2f73dbt8z
UC-0315,y42t677ebf
UC-0166,y72z83ubrk
UC-0278,y7d3e42ae9
UC-0266,y7exp8nsf6
UC-0249,y83t5j4w33
UC-0142,y8gjyehdz7
UC-0769,y8h3dbchbr
UC-0486,yavwurm3cj
UC-0407,yb32v6ywwj
UC-0274,ybmtx98v5a
UC-0198,yc796w68n6
UC-0157,ycbgur7ma5
UC-0989,yczsb2gth3
UC-0197,yduaccm97u
UC-0627,ye5vbdepwe
UC-0497,ye8nsbgfv9
UC-0433,yec93rbygk
UC-0653,yefhwrccqv
UC-0799,yf53kkhms6
UC-0130,yfk7akkhtd
UC-0049,yfkudd932y
UC-0682,yhpu7z46nb
UC-0689,yj4aw3cksx
UC-0323,yk72t632z4
UC-0330,ymhq6ykv69
UC-0642,ymvy4df6r7
UC-0526,ynv6h4zksc
UC-0416,ynzqnztw3x
UC-0299,ypyxsbvb3n
UC-0152,ys94zqt4c5
UC-0743,yt677eagte
UC-0191,yuvtgnd2an
UC-0276,yvcrhk9gaj
UC-0550,yvmn7gbb6a
UC-0314,ywstpxhsdg
UC-0859,yxefrapydj
UC-0958,yyt89crqmu
UC-0972,yzswm6grm5
UC-0866,z47mcexehc
UC-0621,z5qgedtf3b
UC-0240,z5qzz7z58r
UC-0401,z6vn5sz65e
UC-1011,z7tzfh9kvd
UC-0136,z8578h5ber
UC-0755,zd9ush8kf4
UC-0844,zdjqcfaqxc
UC-0040,zdk2cj9mus
UC-0934,zeq55g33uf
UC-0527,zfym6sn785
UC-0493,zheqwgnkqc
UC-0174,zm4p63n8br
UC-0878,zpjzndvm7z
UC-0655,zq2kqzpqcm
UC-0252,zrajbykt99
UC-0658,zs7uq5eybz
UC-0620,zsje25nv8x
UC-0478,zsyu2wer9e
UC-0749,zt4vdqhnce
UC-0757,ztuhafkkvm
UC-0668,zuxukqnnes
UC-0728,zv2j93ndkm
UC-0506,zwng943hhw
UC-0141,zwnpca7vzu
